mcmcpath,llpd,pWAIC,WAIC,fitmad,sigerr.med,adjr2,fitmad.val,adjr2.val,seirmad,seirerr,adjr2.seir,imperialmad,imperialerr,adjr2.imperial
MCMC.n0.4,-184.275611721011,28.9084423406667,426.368108123356,0.33314552844578,0.296462517227954,0.76,0.330529704659691,0.73,0.376003419332198,0.478919457834723,0.77,0.602142667268542,0.597241913952724,0.72
