mcmcpath,llpd,pWAIC,WAIC,fitmad,sigerr.med,adjr2,fitmad.val,adjr2.val,seirmad,seirerr,adjr2.seir,imperialmad,imperialerr,adjr2.imperial
MCMC,-149.781873463672,36.3228648911344,372.209476709612,0.314309816449436,0.26713416968125,0.79,0.284096894227776,0.8,0.410579993796445,0.594348792442892,0.68,0.689800990632839,0.646994792135815,0.68
