mcmcpath,llpd,pWAIC,WAIC,fitmad,sigerr.med,adjr2,fitmad.val,adjr2.val,seirmad,seirerr,adjr2.seir,imperialmad,imperialerr,adjr2.imperial
MCMC.n0.5,-169.439081449461,31.0373260763856,400.952815051692,0.326579160030961,0.282164778438832,0.78,0.308329463459179,0.77,0.374070551333338,0.528850364731733,0.73,0.676050551033579,0.615220532367959,0.71
