mcmcpath,llpd,pWAIC,WAIC,fitmad,sigerr.med,adjr2,fitmad.val,adjr2.val,seirmad,seirerr,adjr2.seir,imperialmad,imperialerr,adjr2.imperial
MCMC.n0.6,-161.630609227063,31.008792627158,385.278803708441,0.326389910431228,0.27504591985784,0.78,0.301883004187305,0.79,0.398809801921755,0.632202003243335,0.64,0.756251063675035,0.677266500651238,0.65
