mcmcpath,llpd,pWAIC,WAIC,fitmad,sigerr.med,adjr2,fitmad.val,adjr2.val,seirmad,seirerr,adjr2.seir,imperialmad,imperialerr,adjr2.imperial
MCMC.tau7,-149.0628116912,36.0443775570556,370.214378496511,0.309569625169535,0.266246079508065,0.79,0.273233532515573,0.81,0.406210279673437,0.577701629984157,0.7,0.69432754180171,0.660534741626918,0.67
