mcmcpath,llpd,pWAIC,WAIC,fitmad,sigerr.med,adjr2,fitmad.val,adjr2.val,seirmad,seirerr,adjr2.seir,imperialmad,imperialerr,adjr2.imperial
MCMC.tau28,-151.658684305908,36.4380723903819,376.193513392579,0.310198387585198,0.269655562368014,0.79,0.292712575939603,0.79,0.398076274690286,0.517664479403716,0.73,0.654680369208607,0.618123293780718,0.71
